Title,Company,Location,Salary,Details
Lead JavaScript Developer (Remote),ARC IT Recruitment Ltd,not listed,£40000 - £60000 per annum + Benefits,https://www.cwjobs.co.uk/job/javascript-developer/arc-it-recruitment-ltd-job87368724
JavaScript Developer - Node/React,Applause IT Ltd,not listed,£50000 - £70000 per annum + +BENS,https://www.cwjobs.co.uk/job/javascript-developer/applause-it-ltd-job87366504
Front End Developer - JavaScript & Angular 2-8 - Fintech,Oliver Bernard,not listed,"£60000 - £80000 per annum + Pension, wfh",https://www.cwjobs.co.uk/job/developer-javascript/oliver-bernard-job87354013
Senior Frontend JavaScript Developer (React),Oliver Bernard,not listed,£60000 - £70000 per annum,https://www.cwjobs.co.uk/job/senior-front-end-developer/oliver-bernard-job87351923
"JavaScript Developer - Full Stack, JavaScript, CSS3, HTML5",Firway Consulting,not listed,"From £43,000 to £47,000 per annum Circa £45k + Bens Depending on Exp.",https://www.cwjobs.co.uk/job/developer-full-stack/firway-consulting-job87349890
Lead JavaScript React Developer,Open Select Recruitment,not listed,£75000 - £85000 per annum,https://www.cwjobs.co.uk/job/lead-react-developer/open-select-recruitment-job86997603
JavaScript Developer - Brighton,IT Executive Ltd,not listed,£30000 - £35000 per annum,https://www.cwjobs.co.uk/job/javascript-developer/it-executive-ltd-job87196967
NodeJS Developer - Rails - JavaScript - Node.js - Birmingham,Senitor Associates,not listed,Unspecified,https://www.cwjobs.co.uk/job/nodejs-developer/senitor-associates-job87388292
AngularJS Developer - JavaScript - Rails - Node.js - Birmingham,Senitor Associates,not listed,Unspecified,https://www.cwjobs.co.uk/job/developer-javascript/senitor-associates-job87388201
"Java Developer, Java, Javascript, SQL, Garforth, Leeds to £45,000",Ascend Consulting,not listed,"From £35,000 to £45,000 per annum",https://www.cwjobs.co.uk/job/developer-javascript/ascend-consulting-job87377060
JavaScript Developer,Langham Recruitment,not listed,"£25000 - £40000 per annum, Benefits Flexi and Bens",https://www.cwjobs.co.uk/job/javascript-developer/langham-recruitment-job87360914
UI/UX Developer - Bolton - HTML / CSS / JavaScript / Bootstrap,Senitor Associates,not listed,Excellent Benefits,https://www.cwjobs.co.uk/job/ux-developer/senitor-associates-job87356764
"Software Developer - .Net, C#, SQL, HTML, CSS, JavaScript",Spectrum IT Recruitment (South) Ltd,not listed,£35000 - £45000 per annum + benefits,https://www.cwjobs.co.uk/job/developer-sql/spectrum-it-recruitment-south-ltd-job87345717
Front End Developer - JavaScript / Angular / HTML - Nuneaton,Senitor Associates,not listed,£35000 - £45000 per annum + Excellent Benefits,https://www.cwjobs.co.uk/job/developer-javascript/senitor-associates-job87412486
Front End Developer - JavaScript / Angular / HTML - Nuneaton,Senitor Associates,not listed,£35000 - £45000 per annum + Excellent Benefits,https://www.cwjobs.co.uk/job/developer-javascript/senitor-associates-job87412380
Web Developer - Congleton - HTML / CSS / JavaScript / Wordpress,Senitor Associates,not listed,Excellent Benefits,https://www.cwjobs.co.uk/job/web-developer/senitor-associates-job87406779
"Full Stack Developer (Ruby, or JavaScript)",ARC IT Recruitment Ltd,not listed,Unspecified,https://www.cwjobs.co.uk/job/full-stack-developer/arc-it-recruitment-ltd-job87392354
JavaScript Developer,Lorien Resourcing,not listed,Unspecified,https://www.cwjobs.co.uk/job/javascript-developer/lorien-resourcing-job87380924
Full Stack JavaScript Developer (React/Node),ANSON MCCADE,not listed,£550 - £650 per day,https://www.cwjobs.co.uk/job/full-stack-javascript-developer/anson-mccade-job87362045
Fullstack JavaScript Engineer 2 -3 days Remote,Tec Partners,not listed,£50000 - £100000 per annum + Remote working,https://www.cwjobs.co.uk/job/full-stack-javascript-engineer/tec-partners-job87412824
"Software Developer (C#, .Net, JavaScript and SQL)",The North Starr,not listed,"£50000 - £70000 per annum + bonus, private medical, pension",https://www.cwjobs.co.uk/job/software-developer-javascript/the-north-starr-job87409827
"Full Stack Software Developer (JavaScript, .Net, C# and SQL)",The North Starr,not listed,"£60000 - £80000 per annum + bonus, pension, healthcare",https://www.cwjobs.co.uk/job/software-developer-javascript/the-north-starr-job87409820
"Senior Software Developer (C#, .Net, JavaScript, Azure)",The North Starr,not listed,"£70000 - £80000 per annum + pension, bonus, healthcare",https://www.cwjobs.co.uk/job/software-developer-javascript/the-north-starr-job87409816
Lead JavaScript Developer,Understanding Recruitment,not listed,£55000.00 - £70000.00 per annum + Benefits,https://www.cwjobs.co.uk/job/javascript-developer/understanding-recruitment-job87399416
Full Stack Developer - Help Charities with JavaScript!,Understanding Recruitment,not listed,£65000 - £75000 per annum + Remote 3 Days from home,https://www.cwjobs.co.uk/job/full-stack-developer/understanding-recruitment-job87398293
"Full Stack JavaScript Developer - JS, SQL, NodeJS - £60,000",Novate IT Ltd,not listed,£40000 - £60000 per annum,https://www.cwjobs.co.uk/job/developer-sql/novate-it-ltd-job87392841
Full Stack JavaScript Developer,Spencer Scott,not listed,"Up to £75,000 per annum + excellent benefits!",https://www.cwjobs.co.uk/job/full-stack-javascript-developer/spencer-scott-job87387535
Front End JavaScript Engineer,Oliver Bernard,not listed,£50000 - £90000 per annum,https://www.cwjobs.co.uk/job/frontend-javascript-engineer/oliver-bernard-job87380561
"Front End Developer (React, JavaScript)",Oliver Bernard,not listed,£50000 - £80000 per annum + Bonus,https://www.cwjobs.co.uk/job/developer-javascript/oliver-bernard-job87365594
Contract JavaScript Developer,Searchability,not listed,£230 - £300 per day,https://www.cwjobs.co.uk/job/contract-javascript-developer/searchability-job87362203
JavaScript Developer - React,Eligo Recruitment Ltd,not listed,£40000 - £60000 per annum + excellent benefits and bonus,https://www.cwjobs.co.uk/job/javascript-developer/eligo-recruitment-ltd-job87360424
"Full Stack Software Developer (JavaScript, .Net, C# and SQL)",The North Starr,not listed,"£60000 - £80000 per annum + bonus, pension, healthcare",https://www.cwjobs.co.uk/job/software-developer-javascript/the-north-starr-job87346411
"Software Developer (C#, .Net, JavaScript and SQL)",The North Starr,not listed,"£50000 - £70000 per annum + bonus, private medical, pension",https://www.cwjobs.co.uk/job/software-developer-javascript/the-north-starr-job87346409
"Senior Software Developer (C#, .Net, JavaScript, Azure)",The North Starr,not listed,"£70000 - £80000 per annum + pension, bonus, healthcare",https://www.cwjobs.co.uk/job/software-developer-javascript/the-north-starr-job87346390
DV Cleared Full Stack JavaScript Developer / 12 Month / London,Evolution Recruitment Solutions,not listed,Unspecified,https://www.cwjobs.co.uk/job/full-stack-javascript-developer/evolution-recruitment-solutions-job87334738
Javascript Developer,EXCELerate,not listed,"Up to £70,000 per annum",https://www.cwjobs.co.uk/job/javascript-developer/excelerate-job86410308
Frontend Developer - Vue JS - Nuxt - JavaScript - £500pd,Harvey Nash plc,not listed,Up to £500 per day,https://www.cwjobs.co.uk/job/developer-javascript/harvey-nash-plc-job87409320
JavaScript Developer - AngularJS / NodeJS - Northwich,Senitor Associates,not listed,Excellent Benefits,https://www.cwjobs.co.uk/job/javascript-developer/senitor-associates-job87382992
"Javascript developer, leading online broker, Angular to React c",Harrington Starr,not listed,£60000 - £80000 per annum + + bonus + benefits,https://www.cwjobs.co.uk/job/broker/harrington-starr-job87377100
"Front End React Lead Developer (Redux, HTML, CSS, Javascript)",Harvey Nash plc,not listed,£450 - £550 per day,https://www.cwjobs.co.uk/job/front-end-react-developer/harvey-nash-plc-job87341960
Full Stack Developer (Javascript/C#) - Multiple Roles,RedRock Consulting Ltd,not listed,£45000 - £75000 per annum + Excellent Benefits,https://www.cwjobs.co.uk/job/full-stack-developer/redrock-consulting-ltd-job87336058
Front-End Developer- Angular / JavaScript / HTML / CSS- Shirley,Senitor Associates,not listed,DOE + competitive benefits,https://www.cwjobs.co.uk/job/developer-javascript/senitor-associates-job87412468
Front-End Developer- Angular / JavaScript / HTML / CSS- Shirley,Senitor Associates,not listed,DOE + competitive benefits,https://www.cwjobs.co.uk/job/developer-javascript/senitor-associates-job87412440
PHP Developer - PHP / Laravel / Angular / JavaScript - Shirley,Senitor Associates,not listed,Fantastic Benefits,https://www.cwjobs.co.uk/job/developer-php/senitor-associates-job87412427
"Graduate / Junior Developer, Python, JavaScript, PHP - London",Dawson & Walsh,not listed,£35000 - £50000 per annum + Bonus + Pension + Benefits,https://www.cwjobs.co.uk/job/developer-javascript/dawson-walsh-job87399510
"Front end developer, Javascript, get into trading systems!",Harrington Starr,not listed,£40000 - £60000 per annum + bonus + benefits,https://www.cwjobs.co.uk/job/developer-javascript/harrington-starr-job87377099
"Full Stack .Net Developer – C#, JavaScript, ASP.NET",Haybrook IT Resourcing Ltd,not listed,Competitive Salary,https://www.cwjobs.co.uk/job/developer-javascript/haybrook-it-resourcing-ltd-job87194011
Full Stack Javascript Software Engineer,Quant Capital,not listed,"Up to £80,000 per annum Bonus- £750 training budget, Pension, Life / H",https://www.cwjobs.co.uk/job/full-stack-software-engineer/quant-capital-job87334063
PHP Developer - PHP / Laravel / JavaScript / JQuery - Cannock,Senitor Associates,not listed,£25000 - £35000 per annum + Excellent Benefits,https://www.cwjobs.co.uk/job/developer-php/senitor-associates-job87412375
"Full Stack Developer - JavaScript, HTML/CSS, NoSQL - Bristol",Novate IT Ltd,not listed,Up to £0.00 per annum + Dependent on Experience,https://www.cwjobs.co.uk/job/full-stack-developer/novate-it-ltd-job87392846
"Full Stack Developer - JavaScript, HTML, MySQL - Plymouth",Novate IT Ltd,not listed,Up to £0.00 per annum + Dependent on Experience,https://www.cwjobs.co.uk/job/full-stack-developer/novate-it-ltd-job87392842
"Front-End Developer – West Yorkshire – JavaScript, HTML, CSS",Candour Solutions,not listed,"Up to £38,000 per annum",https://www.cwjobs.co.uk/job/developer-javascript/candour-solutions-job87392189
JavaScript Developer,Edgar Cowen,not listed,£45k - 55k per year,https://www.cwjobs.co.uk/job/javascript-developer/edgar-cowen-job87380007
"C#.Net Developer, C#.Net, Javascript, Redditch, Worcestershire to £35K",Ascend Consulting,not listed,"From £30,000 to £35,000 per annum",https://www.cwjobs.co.uk/job/developer-javascript/ascend-consulting-job87347932
Full-Stack JavaScript Engineer - London - up to £85k,SR2,not listed,"£50000 - £85000 per annum + Remote working,",https://www.cwjobs.co.uk/job/full-stack-javascript-engineer/sr2-job87345658
"Node.JS Developer (JavaScript, Node.JS, Angular.JS)",TEKsystems,not listed,£350 - £400 per day,https://www.cwjobs.co.uk/job/node-js-developer/teksystems-job87408234
"UI Developer - Javascript, HTML5",TLP Consultancy Ltd.,not listed,£70000 - £90000 per annum + Package,https://www.cwjobs.co.uk/job/developer-javascript/tlp-consultancy-ltd-job87403833
"Javascript UI Developer - React, ES6/7, Webpack, Enzyme - £55k",Harvey Nash plc,not listed,£45000 - £55000 per annum,https://www.cwjobs.co.uk/job/javascript-developer/harvey-nash-plc-job87400941
"Full-stack Developer (JavaScript, Java, Node.JS)",TEKsystems,not listed,£350 - £400 per day,https://www.cwjobs.co.uk/job/full-stack-developer/teksystems-job87399960
Entry-Level/Junior/Graduate HTML(5) Games Developer (JavaScript/TypeScript),Intouch Games ltd,not listed,"£20000 - £22000 Per Annum £20,000 - £22,000 + comprehensive benefits!",https://www.cwjobs.co.uk/job/junior-graduate-developer/intouch-games-ltd-job87269480
Full Stack Developer JavaScript Node.js,FE Web Team,Update,£50k to £60k + bonus + benefits,https://www.totaljobs.com/job/full-stack-developer/fe-web-team-job87203337
Full Stack Developer JavaScript Java – Technologist,FE Web Team,Update,£55k to £65k + bonus + benefits,https://www.totaljobs.com/job/full-stack-developer/fe-web-team-job87202917
Frontend Developer - VueJS / AngularJS / JavaScript £400-£500,IT Resourcing/IT Professional Services,London,£400 - £500 per day,https://www.totaljobs.com/job/developer-javascript/it-resourcing-it-professional-services-job87126510
Full Stack Developer JavaScript,FE Web Team,Update,£55k to £65k + bonus + benefits,https://www.totaljobs.com/job/full-stack-developer/fe-web-team-job87118386
Senior Frontend JavaScript Developer (React),Oliver Bernard Ltd,London,£60000 - £70000 per annum,https://www.totaljobs.com/job/senior-front-end-developer/oliver-bernard-ltd-job87351924
Senior Front End JavaScript Developer,Rise Technical Recruitment Limited,Reading,£50000 - £70000 per annum,https://www.totaljobs.com/job/senior-front-end-developer/rise-technical-recruitment-limited-job87111257
Javascript Engineer,Noa Recruitment Ltd,Update,£50000.00 - £60000.00 per annum + excellent package,https://www.totaljobs.com/job/javascript-engineer/noa-recruitment-ltd-job87288874
JavaScript Developer / Front End Web Developer – Banking – Reactjs,CURTIS REED ASSOCIATES LTD,Update,"Up to £70,000 per annum Bonus and Benefits + 30 days holidays",https://www.totaljobs.com/job/javascript-developer/curtis-reed-associates-ltd-job87393931
Lead Javascript Developer,MCGREGOR BOYALL ASSOCIATES LIMITED,Glasgow,Negotiable,https://www.totaljobs.com/job/javascript-developer/mcgregor-boyall-associates-limited-job87376751
JavaScript Developer - Contract / Remote,Premier IT,Update,£200 - 230 per day,https://www.totaljobs.com/job/javascript-developer/premier-it-job87089855
JavaScript Developer,Trust In Soda Ltd,Update,"From £45,000 to £50,000 per annum",https://www.totaljobs.com/job/javascript-developer/trust-in-soda-ltd-job85455402
"FullStack Developer, JavaScript, Vue.JS, Node.JS - £50-55,000",Preferred Choice Ltd,London,£45000 - £55000 per annum + Benefits,https://www.totaljobs.com/job/full-stack-developer/preferred-choice-ltd-job87085002
Front End Developer - JavaScript / Angular / HTML - Nuneaton,Senitor Associates Limited,West Midlands,£35000 - £45000 per annum + Excellent Benefits,https://www.totaljobs.com/job/developer-javascript/senitor-associates-limited-job87412485
Front End Developer - JavaScript / Angular / HTML - Nuneaton,Senitor Associates Limited,West Midlands,£35000 - £45000 per annum + Excellent Benefits,https://www.totaljobs.com/job/developer-javascript/senitor-associates-limited-job87412381
Web Developer - Congleton - HTML / CSS / JavaScript / Wordpress,Senitor Associates Limited,Cheshire,Excellent Benefits,https://www.totaljobs.com/job/web-developer/senitor-associates-limited-job87406780
"Web Developer - PHP, Laravel, JavaScript - Manchester",Mortimer Spinks (Manchester),Manchester,£35000 - £40000 per annum,https://www.totaljobs.com/job/web-developer-php/mortimer-spinks-manchester-job87335224
Front End Developer JavaScript - Finance,FE Web Team,Update,£45k to £60k + bonus + benefits,https://www.totaljobs.com/job/developer-javascript/fe-web-team-job87328234
Senior Front End Developer JavaScript - FinTech,FE Web Team,Update,£75k to £90k + benefits,https://www.totaljobs.com/job/senior-front-end-developer/fe-web-team-job87272441
"Web Developer PHP, JavaScript, HTML, CSS",Montash,Update,Unspecified,https://www.totaljobs.com/job/web-developer-php/montash-job87246960
Full Stack Developer JavaScript Node.js,FE Web Team,Update,£55k to £80k + bonus + benefits,https://www.totaljobs.com/job/full-stack-developer/fe-web-team-job87213321
Full Stack Developer Java JavaScript,Client Server,Update,£70k to £80k + bonus + benefits,https://www.totaljobs.com/job/full-stack-developer/client-server-job87084087
"Frontend Developer - Javascript, Angular, Vue.js",Langham Recruitment,Halifax,£30000 - £52000 per annum,https://www.totaljobs.com/job/developer-javascript/langham-recruitment-job86922718
JavaScript Developer - Birmingham,Erin Associates,Update,"£45000 - £50000 per annum, Benefits & excellent benefits",https://www.totaljobs.com/job/javascript-developer/erin-associates-job87293167
Lead JavaScript Developer,Understanding Recruitment Ltd,Update,£55000.00 - £70000.00 per annum + Benefits,https://www.totaljobs.com/job/javascript-developer/understanding-recruitment-ltd-job87399421
JavaScript Developer - Challenger bank - React.js / Node.js,Oliver Bernard Ltd,Update,£60000 - £80000 per annum + Stock options,https://www.totaljobs.com/job/javascript-developer/oliver-bernard-ltd-job87393725
JavaScript Developer - Node/React,Applause IT Limited,Leeds,£50000 - £70000 per annum + +BENS,https://www.totaljobs.com/job/javascript-developer/applause-it-limited-job87366507
JavaScript Developer - React,Eligo Recruitment Limited,Birmingham,£40000 - £60000 per annum + excellent benefits and bonus,https://www.totaljobs.com/job/javascript-developer/eligo-recruitment-limited-job87360423
JavaScript Developer - Angular,Oliver Bernard Ltd,City of London,£60000 - £90000 per annum,https://www.totaljobs.com/job/javascript-developer/oliver-bernard-ltd-job87343207
Lead JavaScript Developer,Understanding Recruitment Ltd,Update,£55000.00 - £70000.00 per annum + Benefits,https://www.totaljobs.com/job/javascript-developer/understanding-recruitment-ltd-job87322522
JavaScript (Mobile) Developer (Remote),Venturi Ltd,Update,"Up to £45,000 per annum",https://www.totaljobs.com/job/javascript-developer/venturi-ltd-job87181071
JavaScript Developer - React / Node JS - up to £38K - Newcastle,Anonymous,Newcastle Upon Tyne,£26000 - £38000 per annum + Benefits,https://www.totaljobs.com/job/javascript-developer/anonymous-job87159429
"FrontEnd Developer-JavaScript,React,UI/UX,Greenfield & Training",Harrington Starr Limited,City of London,£40000 - £65000 per annum + Benefits + Bonus,https://www.totaljobs.com/job/developer-javascript/harrington-starr-limited-job87317543
"FrontEnd Developer-JavaScript,React,UI/UX,Greenfield & Training",Harrington Starr Limited,City of London,£40000 - £65000 per annum + Benefits + Bonus,https://www.totaljobs.com/job/developer-javascript/harrington-starr-limited-job87234224
"FrontEnd Developer-JavaScript,React,UI/UX,Greenfield & Training",Harrington Starr Limited,City of London,£40000 - £65000 per annum + Benefits + Bonus,https://www.totaljobs.com/job/developer-javascript/harrington-starr-limited-job87234187
Full Stack Developer - Help Charities with JavaScript!,Understanding Recruitment Ltd,London,£65000 - £75000 per annum + Remote 3 Days from home,https://www.totaljobs.com/job/full-stack-developer/understanding-recruitment-ltd-job87398296
Full-Stack Developer ( Angular / Node / JavaScript ) – London,Venturi Ltd,Update,"From £35,000 to £50,000 per annum Plus Generous equity",https://www.totaljobs.com/job/full-stack-developer/venturi-ltd-job87376833
"Front End Developer (React, JavaScript)",Oliver Bernard Ltd,London,£50000 - £80000 per annum + Bonus,https://www.totaljobs.com/job/developer-javascript/oliver-bernard-ltd-job87365595
Front End Developer - JavaScript & Angular 2-8 - Fintech,Oliver Bernard Ltd,Update,"£60000 - £80000 per annum + Pension, wfh",https://www.totaljobs.com/job/developer-javascript/oliver-bernard-ltd-job87354015
"Games Developer (OOP, Javascript Game Engines, Rendering, CSS)",Ampersand Consulting Ltd,London,£40000 - £95000 per annum + 20% Bonus & Benefits,https://www.totaljobs.com/job/developer-javascript/ampersand-consulting-ltd-job87295782
"Front End Developer (React, JavaScript)",Oliver Bernard Ltd,London,£50000 - £80000 per annum + Bonus,https://www.totaljobs.com/job/developer-javascript/oliver-bernard-ltd-job87267845
Web Developer PHP JavaScript SQL,Open Source Team,Update,£35k to £40k + benefits,https://www.totaljobs.com/job/web-developer-php/open-source-team-job87227529
Full Stack Developer JavaScript Node.js,FE Web Team,Update,£50k to £60k + bonus + benefits,https://www.totaljobs.com/job/full-stack-developer/fe-web-team-job87209138
"Full Stack Developer - Javascript, Node.js",Langham Recruitment,Update,£40000 - £55000 per annum,https://www.totaljobs.com/job/full-stack-developer/langham-recruitment-job87195923
"Senior Web Developer (OOP, Javascript, HTML, CSS, Angular)",Ampersand Consulting Ltd,North London,£70000 - £95000 per annum + 20% Bonus & Benefits,https://www.totaljobs.com/job/developer-javascript/ampersand-consulting-ltd-job87175315
Front end Developer ( WordPress / Javascript / HTML / CSS ),Venturi Ltd,Update,£250 per day,https://www.totaljobs.com/job/developer-javascript/venturi-ltd-job87124673
"Full Stack Developer - Javascript, ES6, Node.js",Langham Recruitment,Huddersfield,Competitive,https://www.totaljobs.com/job/full-stack-developer/langham-recruitment-job87055679
Senior JavaScript Developers - Contract - Coventry **NEW ROLE**,Robert Walters,Coventry,Unspecified,https://www.totaljobs.com/job/senior-javascript-developer/robert-walters-job86979782
Javascript Developer Contract - 3 months,Preferred Choice Ltd,London,£350 - £500 per day + Benefits,https://www.totaljobs.com/job/javascript-developer/preferred-choice-ltd-job87413976
JavaScript Developer,Network EMEA,Lancaster,Competitive,https://www.totaljobs.com/job/javascript-developer/network-emea-job87389723
JavaScript/Node Developer - Munich - Contract,Oliver Bernard Ltd,Update,£650 - £800 per day,https://www.totaljobs.com/job/javascript-developer/oliver-bernard-ltd-job87356063
JavaScript Developer,InfoSec People Limited,Tewkesbury,£30000 - £50000.00 per annum,https://www.totaljobs.com/job/javascript-developer/infosec-people-limited-job87275853
JavaScript D3.JS Developer,Preferred Choice Ltd,London,£8000 - £10000 per annum,https://www.totaljobs.com/job/javascript-developer/preferred-choice-ltd-job87225288
JavaScript D3.JS Developer,Preferred Choice Ltd,London,£8000 - £10000 per annum,https://www.totaljobs.com/job/javascript-developer/preferred-choice-ltd-job87185329
JavaScript Developer,Edgar Cowen,Update,£45k - 55k per year,https://www.totaljobs.com/job/javascript-developer/edgar-cowen-job87380005
JavaScript Developer,Langham Recruitment,Update,"£25000 - £40000 per annum, Benefits Flexi and Bens",https://www.totaljobs.com/job/javascript-developer/langham-recruitment-job87360916
Javascript Developer,Parker B Associates,Update,"From £65,000 to £90,000 per annum",https://www.totaljobs.com/job/javascript-developer/parker-b-associates-job87114148
Front-End Developer- Angular / JavaScript / HTML / CSS- Shirley,Senitor Associates Limited,Solihull,DOE + competitive benefits,https://www.totaljobs.com/job/developer-javascript/senitor-associates-limited-job87412484
Front-End Developer- Angular / JavaScript / HTML / CSS- Shirley,Senitor Associates Limited,Solihull,DOE + competitive benefits,https://www.totaljobs.com/job/developer-javascript/senitor-associates-limited-job87412441
PHP Developer - PHP / Laravel / Angular / JavaScript - Shirley,Senitor Associates Limited,Solihull,Fantastic Benefits,https://www.totaljobs.com/job/developer-php/senitor-associates-limited-job87412430
"Graduate / Junior Developer, Python, JavaScript, PHP - London",Noir Consulting,Update,£35000 - £50000 per annum + Bonus + Pension + Benefits,https://www.totaljobs.com/job/developer-javascript/noir-consulting-job87399339
